プロローグ,楽天家ゲルト,村人,人狼なんているわけないじゃん。みんな大げさだなあ
プロローグ,村長ヴァルター,狂人,たしかに。人狼なんていなさそうだな。
プロローグ,村長ヴァルター,狂人,議題投入■1.議論に参加できる時間帯■2.仮決定と本決定の希望時刻■3.投票COの使用についての意見
プロローグ,村長ヴァルター,狂人,■1.19:30～21:00■2.仮決定20:25本決定21:30■3.村人の勝利の確率のほうが低いからやめたほうがいいと思います。
プロローグ,ならず者ディーター,村人,常夏気分だぜ！
プロローグ,ならず者ディーター,村人,噂のD.M.Revolutionとは俺の事だぜ！歌って踊れる自称アイドル、よろしくな！
プロローグ,ならず者ディーター,村人,あ、名乗り間違ったな。D.N.Revolutionだな。自分の名前間違えるとかダメダメじゃん、俺。と、セルフツッコミ。
プロローグ,ならず者ディーター,村人,村長は議題ありがとよ！■1.基本夜行生物なんで、19時以降だな。■2.仮22時、本23時で。夜明け前まで一時間間があったほうが余裕あんだろ。■3.どっちでもいいんだが、折角この国になったんだ。無しでやってみるのも一興だな。
プロローグ,ならず者ディーター,村人,しっかし集まり悪いな。いくら日差しがないからってみんな元気なさすぎだぜ。常夏男の俺様が代わりに輝いとくか！[...は発光しだした]
プロローグ,旅人ニコラス,人狼,>>2しかし人狼がいないとなれば我等の存在意義が疑問にはならないかね？我、疑い、探し、そして信じる故に我あり
プロローグ,旅人ニコラス,人狼,ふむ議題か■1.基本的に22:00～00:30+6:30～7:30あとは不定期だが早く帰れる日は早く帰れると言ったところだ■2.本決定は23:30～24:00 仮は23時以前■3.自殺票COのことかな？使ってもいいが人狼側の撹乱が容易である以上意味は無いだろう。
プロローグ,旅人ニコラス,人狼,さて、しばし席を外そう日が落ちるまでには帰るよ
プロローグ,村長ヴァルター,狂人,おぉ。たしかに、でもいなかった方がいいよな。まぁ現実にいるのだから仕方ない。
プロローグ,ならず者ディーター,村人,おうおう、ニコラス。哲学的な発言だな。そうだな、俺たちは考える葦だな。知識を持ちあってとりあえず俺がどーやったら売れるか考えてくれよ。
プロローグ,村長ヴァルター,狂人,ニコラス頭いいなぁ
プロローグ,ならず者ディーター,村人,村長、ニコラスをブレーンに迎えて次の村長選に備えたらどーだ？
プロローグ,村長ヴァルター,狂人,いいけど、俺はちょっと賄賂わたしてみんなに投票してもらってるからいいんだ。おぉっと嘘です。そんなことないよ。僕は正しい心で村長選に当選しているんだ。
プロローグ,ならず者ディーター,村人,な、村長…。それはトンデモネーCOだぜ！て冗談か、安心したぜ。
プロローグ,ならず者ディーター,村人,つーかあと1時間半ばかしでみんなそろわないみたいだな。残念だぜ。発言もあまるし、さて、どーすっか…。
プロローグ,旅人ニコラス,人狼,さて今戻ったが、これは一日延長かなとりあえず今日の▼は長で理由は>>17とか思ったが私はこの村の住人ではないから無関係だな
プロローグ,ならず者ディーター,村人,旅>>20一応本人は違うと言ってるけどな。あと15分で奇跡は起きないだろーな。
プロローグ,ならず者ディーター,村人,な
プロローグ,ならず者ディーター,村人,ら
プロローグ,ならず者ディーター,村人,ず
プロローグ,ならず者ディーター,村人,者
プロローグ,ならず者ディーター,村人,デ
プロローグ,ならず者ディーター,村人,ィ
プロローグ,ならず者ディーター,村人,｜
プロローグ,ならず者ディーター,村人,タ
プロローグ,ならず者ディーター,村人,｜
プロローグ,ならず者ディーター,村人,！＠0
プロローグ,旅人ニコラス,人狼,むうあと5分で6人を集めねばならないのか届け！私のテレパシー！
プロローグ,旅人ニコラス,人狼,やっぱり届かないか仕方ない、寝よう
プロローグ,少女リーザ,狩人,ここがハワイ・・・
プロローグ,青年ヨアヒム,村人,こんにちはぁなのですよー(*´∀｀)ノ
プロローグ,青年ヨアヒム,村人,ハワイ……ここはハワイだったのですかー？それは知りませんでしたのですよー。ハワイにしてはずいぶんと日の差さない村なのですよー……ﾍｯｸﾁ
プロローグ,青年ヨアヒム,村人,おや、何か紙が落ちていますのですよー。■1.参加時間は22時～おねむになるまでなのですよー。夜明けの時間にぐうぐうしないようにがんばるのですよ(´∀｀*)昼間も少しだけ覗けるかもしれませんのです(*´ω｀)=3■2.仮：23・本：23半くらいだといいなぁなのです。本決定0時だとさすがに切羽詰りすぎですよねー(´д｀*)
プロローグ,青年ヨアヒム,村人,■3.この国になって投票COの設問は消えると思ってたのですが消えてないのですねー！でも狼さんが襲撃先とかに偽装で投票することも出来ますし、ない方が混乱せずに済んでよいと思いますのですよー？システム利用の可否以前の問題であまり賛成できないのですよー。あ、でも条件が揃わないと使えませんが、遺言COとかなら僕は対応できますのですよーヽ(´∀｀)ノ
プロローグ,青年ヨアヒム,村人,それじゃあ僕はみんなが集まるまで、その辺で毛布に包まってすやすやしてるですよー(´∀｀)ﾉｼあっ。あっ。寝ている僕にいたずらしちゃいやぁなのですよ(´д｀*)あまつさえあんなことやこんなことをされちゃったりしたら、僕、お婿にいけなくなってしまうのですよ……(*ﾉﾉ)ｲﾔｧﾝ
プロローグ,負傷兵シモン,人狼,とりあえずそこの昼間っから寝てるヤツはおさわりOKという事だな？( ´∀`)σ)Д´)
プロローグ,負傷兵シモン,人狼,■1.不定期だが少なくとも23～夜明け辺りは大丈夫だと思うぜ■2.仮22～23、本23～23半■3.そんな事より酒だ、酒。■4.ちなみに目玉焼きは塩胡椒より醤油派
プロローグ,少女リーザ,狩人,おひるごはんはハワイの煮つけ
プロローグ,少女リーザ,狩人,■１．夕方メイン■２．融通がきくので決定に従います■３．ありやなしやと
プロローグ,少女リーザ,狩人,ヨアヒム君が寝ている。鼻の穴にハワイを詰めておこう。ごそごそ。これでＯＫ。
プロローグ,青年ヨアヒム,村人,んっ……はぁ……はぁ……ああん……らめぇ、そんなに無理やり入れちゃらめぇ……もっとやさしくしてぇぇ……はふんっ(鼻から何かがぽんっ)
プロローグ,青年ヨアヒム,村人,ふうふう、なぜだかとても寝苦しかったのですよ……ほっぺたの秘孔を突かれてひでぶっていう夢を見たですよ。怖かったのですよー(ノД｀)・ﾟ・。
プロローグ,青年ヨアヒム,村人,■４ 目玉焼きには味噌一択なのです。これできまりなのです。トマトには砂糖、バナナには練乳、お味噌汁にはオリーブオイル、お刺身にはタバスコ、このあたりはセオリーにして鉄板なのですよー！というわけでもう一眠りしてくるのです。今度はよい夢を見れますようにー(´∀｀*)
プロローグ,村娘パメラ,村人,・・・
プロローグ,村娘パメラ,村人,静かなところだな……ここは……■1.主に不定期になりそうだ。■2.仮22本23辺りがよさそうだな。■3.せっかくの無記名投票なんだ……使わずに済むなら使わないで居たい。
プロローグ,少女リーザ,狩人,ここは食卓、誰もいない。トーストにマヨネーズを塗りたくり砂糖をまぶして焼いたものを食卓に並べてゆく。食卓には誰もいない。
プロローグ,神父ジムゾン,人狼,おや、こんな所に眠れる村のニートが。良い夢が見れるよう、私が添い寝して差し上げよう。
プロローグ,神父ジムゾン,人狼,その前にアンケートですか、そうですか。■1.22時～更新前後、昼も顔を出せますよ。■2.仮22時半、本23時半くらいが良いです。■3.無記名ですし、なくて良いでしょう。
プロローグ,シスターフリーデル,霊能者,しょーじきもうどうでも良いのよあらハg・・いえ神父さん今日も色々と濃いですわね
プロローグ,シスターフリーデル,霊能者,辛口シスターとは私のことよ。基本的に女性はみんな好きなの・・・（涎さてわたしは、着替でもしてきますか。今日の下着は・・・真っ赤で統一しましょ。ガーターベルト装着で私もいけないシスターの仲間入りね。まああの薔薇神父の事でしょうから、こんな規則違反気付かないでしょうね。
プロローグ,シスターフリーデル,霊能者,■1.基本的に夜よ。■2.２２：３０　２３：３０で宜しくてよ■3.しょうじきー、使えるものはなんでも使って良いと思ってるの。公式ルールでもないんだし、変に縛るのもよくないと思うわ。
プロローグ,司書クララ,村人,はう…もうこんなに人がいらっしゃってるのね。
プロローグ,司書クララ,村人,あら、最初の発言も喉持って行かれてしまうのね。驚きです。■1.夜メインですね。不定期、といえば不定期かも、です。■2.仮22本23で。あまり間隔が短くなければ何時でも。■3.ある程度きっちりお膳立てして下さる方が提案するならば、と申しておきますね。混乱は避けたいです。それではまた夜に参りますね。
プロローグ,司書クララ,村人,そうそう、村長さまとディーターさまは今日はまだいらしてないのですね。どこかへ居なくなってしまわれないか心配です…。…では後ほど。
プロローグ,神父ジムゾン,人狼,むにゃ……しまった、引き出しに鍵をかけておかないと。私の秘蔵、「今日のシスター日記」がバレてしまう。男も女も皆愛し子なのですよ。ふ、ふふ…………よし、隠蔽したしまた眠るか。　Zzz...
プロローグ,少年ペーター,村人,僕ペッタン！ アンケートは幼稚園から帰ったら答えるね!?
プロローグ,神父ジムゾン,人狼,……愛しき幼子の声がする。遠くからお疲れ様。そして私はなにやら用意されたトーストを頂くとしよう。……不思議な味だ……酸いいのに甘い。
プロローグ,農夫ヤコブ,村人,やや…っ。畑仕事さしてたら人が集まってこりゃまぁ。賑やかになっとること。もうひと頑張りして、おめかししてから来っからな。ちょいとまっとってな。
プロローグ,羊飼いカタリナ,占い師,こんばんは。よろしくね。
プロローグ,少年ペーター,村人,ただいま～。みんなよろしくです。あんけーと。あんけーと。■1.幼稚園からはいつも今頃に帰ってくるよ。夜明けにはなるべく立ち会いたいけど寝ちゃったらごめんなさい。■2.仮22：30　本23：30がいいかな～。■3.この国の投票ってやったことないから試してみたいかも～。でも反対が多かったら大人の人に合わせるよ～。
プロローグ,少年ペーター,村人,カタリナおねーちゃん。こんばんわ～。この村にはね。薔薇神父様がいるんだよ～。意味はわからないけどなんだかカッコイイよね～。
プロローグ,羊飼いカタリナ,占い師,■1.メインは夜ね。手が空いた時には覗くようにする。■2.仮22、本23、くらい？■3.どっちでもいいよ。
プロローグ,羊飼いカタリナ,占い師,ペーターお帰り。薔薇神父……？私としては、その名前からは、カッコイイというよりは、キレイというか、アヤシイというか、そんな印象を受けるかな。
プロローグ,シスターフリーデル,霊能者,キャッ、ペタ君に発言拾われちゃったわ・・・（これだからマセガキは・・・ッケ）１４人もう集まったようですし、しかし村長さんとならず者さんが来れるのか心配ですわ
プロローグ,旅人ニコラス,人狼,鳩：鳩の試用だ無事集まったようで何よりだお二人はまた夜に顔を出すだろう(そう言ってるし)
プロローグ,少女リーザ,狩人,Σ（誰かにトーストを食われている・・・！？）・・・人工毛が落ちている。カツラを被ったやつが犯人か・・・。
プロローグ,少女リーザ,狩人,（しょうがないなぁ・・・）食パンの周りにマヨネーズで土手を作り中に卵を割って落とし、オーブンで焼いたトーストを食卓に並べる。これは足の無いお客様用なのです・・・。
プロローグ,シスターフリーデル,霊能者,>>70人工毛すら自然に抜け落ちるとはもう頭は末期かもしれませんね。う～んここの協会の管理者になったら給料上がるのかなぁ～
プロローグ,ならず者ディーター,村人,お、いつの間にか賑やかになってんじゃん。良きかな良きかな。
プロローグ,ならず者ディーター,村人,だが眠い…。トーストがトーマスに見えてしまうぜ。ちょい休憩してくるわ。
プロローグ,司書クララ,村人,あら、ディーターさんがいらしてますね。こんばんは。薔薇神父さまですか…図書館にはそのような類の蔵書も少なからずありますが…お子様が見るものではありませんね。
プロローグ,神父ジムゾン,人狼,鳩の実験ですよ。なんだか頭が軽くなった気がするのは気のせいでしょうか。
プロローグ,少女リーザ,狩人,ズラバラシンプズラバラシンプズラバラシンプ
プロローグ,司書クララ,村人,リーザさま、それは毛が抜ける呪文か何かでしょうか？村長さま、まだいらっしゃいませんね。折角、次の選挙でも村長さまに票を入れようと考えておりましたのに…
プロローグ,司書クララ,村人,ちなみに目玉焼きはソース派ですね、私。…もしかして乗り遅れておりますか？
プロローグ,司書クララ,村人,皆様の発言記録を読ませて頂きました。三行にまとめてみたいと思います。シモンさまがヨアヒムさまにおさわり薔薇神父さま(ヅラ)ディーターさまはトーマスさまをお食べになる…
プロローグ,司書クララ,村人,それでは、また夜明け前に顔を出すようにいたしますね。
プロローグ,村長ヴァルター,狂人,おぉいつの間にかこんなに。夜明けには出ることができません、すいません。
プロローグ,ならず者ディーター,村人,寝起きに不吉な言葉を見てしまった…。クララ>>80俺に人食いの趣味はないってばよ。
プロローグ,農夫ヤコブ,村人,やーやーやー。畑仕事終わった思っだら、急に好子が産気づいてなぁ。元気な赤んぼ生まれただぁ。あ、好子はうちの牛っこな。やや、これは回覧板だべ。さくっと書いで回すべさ。■1.集会は夜に参加すっぺさ。日付変わりにはいるべ。でも朝もはえーから、すぐ寝ちまうだぁ。■2.仮23:00 本23:30だべ■3.おらは何やっても構わんと思う方だぁ。
プロローグ,負傷兵シモン,人狼,ん、ヨアヒムと神父が一緒に寝てるのか。どうせ同じ布団で寝るならこう、向かい合ってもっと顔を寄せてだな…。これでよし、と。起きたときのヨアヒムの反応が楽しみだな、はっはっは。
プロローグ,負傷兵シモン,人狼,おっと、こんな所にトースト発見。ちょうど腹も減ってっから誰もみてねえしいただいちまうか。……！　こ、これは美味い。誰が作ったものかはわからんが手紙でも書き残しておくか。美味しく食べさせてもらったぜっと。
プロローグ,負傷兵シモン,人狼,今日の投票先、途中経過醤油→1票味噌→1票ソース→1票
プロローグ,シスターフリーデル,霊能者,薔薇薔薇させるのはおよしなさい！！ムキーーーちなみに私は醤油派ですわ。
プロローグ,神父ジムゾン,人狼,ん……目を開けたらヨアヒム君が目の前に。……シモン君議題の代筆お願いできますかね？私はもうしばらく彼の顔を眺めていたいので。■4.目玉焼きには塩胡椒で十分派です。
プロローグ,神父ジムゾン,人狼,おやシスター、何をそんなに怒っているのですか。美しいお顔に皺がよって台無しですよ。
プロローグ,負傷兵シモン,人狼,まあまあシスター落ち着けって。これでも飲めよ[...は紅茶の葉っぱを手渡した]神父はアンケートの答え用意してなかったか？オレが代筆してやっても全然構わんが。こんな感じでよければオレが提出しておいてやる。
プロローグ,少女リーザ,狩人,目玉焼きはトーストの上で作る派
プロローグ,負傷兵シモン,人狼,■1.大人■2.無職■3.ヨアヒムえっと、神父の好みはこんな感じでよかったか…？
プロローグ,少女リーザ,狩人,ちなみに【本決定▼神&兵】です。ハワイ的に。みなさん、本日のみまとめ役は私です。従うように。さて、次のトーストの作成にとりかかる。
プロローグ,負傷兵シモン,人狼,【決定反対！】おい、同じ醤油陣営のシスターもなんか言ってやれって！
プロローグ,神父ジムゾン,人狼,>>93■1を老若男女と書き換えてくだされば完璧です。人間みな愛し子です。……ええと、私吊られてしまうのでしょうか？ヨアヒム君を連れて行っても良いでしょうか？
プロローグ,負傷兵シモン,人狼,老若男女…？なんか一文字多い気がすんが、まあそういう事にしといてやっか。
プロローグ,青年ヨアヒム,村人,むにゃむにゃ……はうん……なんだかあったかいよぉ……ﾊｯ(´Д｀*)おはよう神父さん(*ﾉﾉ)
プロローグ,青年ヨアヒム,村人,目が覚めたら神父さんの腕の中にいたのですよ(*ﾉﾉ)ヨアヒム、お婿に行けない身体になってしまいました(*ﾉﾉ)
プロローグ,旅人ニコラス,人狼,ただいま議題が増えているな回答しておこう■4.むうこれはかなり難しい、例えるなら狩人で残り3人まで全ての襲撃を防ぐが如し基本的にはソルト＆ペッパー派だが飯に合わせるなら醤油、パンに合わせるなら調味料でなくハムorベーコンエッグが望ましい。
プロローグ,旅人ニコラス,人狼,さて仮＆本を集計してみた。最初の白確者は参考にして欲しい。まず仮決定20:25：長22:00：者傷娘書羊23:00：旅青傷農
プロローグ,旅人ニコラス,人狼,次に本決定21:30：長23:00：者傷書羊23:30：旅青傷娘神修年農
プロローグ,青年ヨアヒム,村人,>>101、>>102ニコラスさんまとめありがとうなのですよ、とアンカーお試しがてらに。僕の都合のいい時間に希望が集中しててあんしんの予感？(´∀｀*)ｴﾍﾍ
プロローグ,旅人ニコラス,人狼,戦術面で言えば仮＆本を回避と考え直しのための時間と考えるなら仮は考察が出揃って以降なら早い方がよく、本は再セット可能な範囲で遅い方が良いと言えるだろう。とは言えまとめ役の都合や場の空気・流れもあるだろうからあくまでも参考程度にな。それでは私は再び席を外そう。どこに？私の肩書きを見れば分かろう。当然、旅(散歩)さ。
プロローグ,神父ジムゾン,人狼,おっと、ヨアヒム君がおきてしまいました。おはよう。>>104全く、素晴らしいですね。旅の無事をお祈りしますよ。
プロローグ,シスターフリーデル,霊能者,何をいってるんですの？シモンさん私はいつも可憐な女性の味方ですわ・・・さあリーザちゃんほっぺをつつかせてくださいな
プロローグ,司書クララ,村人,皆さんお集まりのようですね。安心致しました。村長さま、約束どおり票は入れておきますのでご安心くださいね。【▼長】戦術、とは違う話になりますが、本決定後に票を合わせればよ良い人だけではありませんし、本～夜明けの間隔があまり短いのも考え物かなと。まあ、４５分もあれば十分でしょうし、こういう考え方もありますよ、程度にお聞き流しください。
プロローグ,シスターフリーデル,霊能者,村長はツッコミ待ちなのでしょうか？早すぎですわ（笑>>99　お婿って何？ヽ(｀Д´#)ﾉ ﾑｷｰ!!【▼青年】あの中年はもともとヘタレですが、青年には中性的な魅力があるようですわ。神の名のもとに成敗ッ！！
プロローグ,司書クララ,村人,ヨアヒムさまは可愛らしい方ですね。ヨアヒムさまに繋がるラインを要観察、です。シスターさまに【ホットミルク】をどうぞ。心が落ち着きますよ。
プロローグ,農夫ヤコブ,村人,やや、ニコさんが集計してくれただ。助かるけぇ。さり気無く100も踏んでるだぁ。
プロローグ,農夫ヤコブ,村人,目玉焼きにけちゃっぷ派はいないんだっすか？これ、さみしかぁ。
プロローグ,農夫ヤコブ,村人,やや、そこの眼鏡っ子。そのミルクはうちの好子のではないかい？
プロローグ,司書クララ,村人,>>112 そうです、今朝ヤコブさまの所からお分けして頂いた牛乳を使っていますよ。好子さんのミルクは甘くて美味しいと隣村でも評判のようですね。
プロローグ,農夫ヤコブ,村人,そりゃぁ良かっただ。好子も喜んでるべさ。おらも嬉しいだ。いい気分だべ。眼鏡っ子、やや、クララさんよ、今日採れたキャベツも持って行きなさい。【キャベツ】
プロローグ,青年ヨアヒム,村人,壁｜Д｀)キャベツはレンジでチンして塩昆布を混ぜてごま油をかけてたべるとおいしいのー。 [キャベツ]ヽ(´ー｀)ノ=3 ﾂｸｯﾃｸﾙﾈ
プロローグ,負傷兵シモン,人狼,おお、キャベツ楽しみだな。酒のつまみに良さそうだ。
プロローグ,司書クララ,村人,まあ！どうもありがとうございます。しっかりしてて、美味しそうなキャベツですね。何を作ろうかしら。
プロローグ,司書クララ,村人,ヨアヒムさまのそれ、美味しそうですね。どんなお味か楽しみです。
プロローグ,青年ヨアヒム,村人,できたよー(*´∀｀)ノ[キャベツの砂糖和え](´∀｀)塩昆布とお砂糖、ごま油とハチミツをまちがえてしまったのー。でもきっとあまくておいしいよー(´∀｀)
プロローグ,農夫ヤコブ,村人,んだんだ、新鮮なキャベツだべ、どれで食べてもうまいんだぁ
プロローグ,司書クララ,村人,.o(>>47をすっかり忘れておりました…)
プロローグ,負傷兵シモン,人狼,もしゃもしゃ…。ふむ、甘ったるいかと思ったがかなりいけるじゃないか。こんな料理を生み出したヨアヒムは天才だな！あっ、おかわり！
プロローグ,農夫ヤコブ,村人,ややぁ…この青年は…。いい婿さんになるかと思ったけんども…ずいぶんおっちょこちょいだべなぁ～
プロローグ,旅人ニコラス,人狼,今戻った。>>107然り、実際には様々な要素を考えて最も都合の良い時間に決めるべきだ。最初に決めた時間をただの一度も履行していない村なんてのもある。
プロローグ,シスターフリーデル,霊能者,つ【ホットミルク】ちびちび、そういえば昼にも誰かに飲み物を出された気がしますわ。ミルクなんて飲んだの久しぶりですわ。。
プロローグ,青年ヨアヒム,村人,えへへー。おっちょこちょいってよく言われるよー(´∀｀)ゝ僕がニートなのはレジーナさんのお店で揚げ物をして火災を起こし、オットーさんのお店で粉塵爆発を起こして消滅させたからってだけなのー。働かないわけじゃないのですよー。
プロローグ,農夫ヤコブ,村人,どれ、甘いものには辛いものだなぁ。自慢の地酒でも開けるべか。シモさんよ、一杯すっぺか。
プロローグ,農夫ヤコブ,村人,たんまげたやづだなぁ。どおりで今日は女将も粉屋も見ないわけだべ。今度見舞いに野菜でももって行くべさ。
プロローグ,旅人ニコラス,人狼,キャベツはいいな煮てよし、焼いて良し、生でも行ける味噌味で豚肉と炒めた日本式ホイコーローなど飯にも酒にも最高に合う。また若いヤツならブイヨンでさっと煮て黒胡椒など振りかけた簡単な物がまた旨い。塩で揉んだだけの奴もサッパリいける。青紫蘇があればなおGood
プロローグ,負傷兵シモン,人狼,おう、オレも酒のストックならいっぱいあるぜ？一緒に飲もうぜ。
プロローグ,農夫ヤコブ,村人,なしてそんなおっちょこちょいだべか。んだけんども、一日中部屋に篭ってるのはよくねぇだ。ヨアさんよ、好子の赤んぼの世話でもするかぁ？
プロローグ,司書クララ,村人,ニコラスさま、おかえりなさい。お散歩は如何でしたか？臨機応変、が一番ですよね。女将さんにパン屋さん。見ないと思ったらそんな事故が…ヨアヒムさま、恐ろしい子…！
プロローグ,司書クララ,村人,ヤコブ様に死亡フラグを確認しました…折れますことをお祈りします。
プロローグ,農夫ヤコブ,村人,んまずは、名前をこさえんとなぁ…
プロローグ,少女リーザ,狩人,名前は　ハワイ　がいいよ
プロローグ,旅人ニコラス,人狼,むう、通りでこの村には宿もなければパン屋もないのか。しかし無問題！Mr.スナフキンと呼ばれたこの私!野宿などいかほどのことも無い。そして何を隠そう私はご飯党だ！小麦はパンより麺にしたい派だ！よってALL OK！
プロローグ,青年ヨアヒム,村人,>>131わあわあ、赤ちゃん牛さん可愛いのですよーヽ(´∀｀)ノ お世話するですよ！ 優しくお世話するですよー！(´∀｀*)それにしても子牛さんって可愛いですねえ、お肉も柔らかそうで……じゅるり。
プロローグ,農夫ヤコブ,村人,おお、シモんさんよ、準備がいいけぇ。どれどれ。コポコポ…　どぞどぞ、遠慮なんかすることないけぇ。つ【地酒】
プロローグ,シスターフリーデル,霊能者,10人	狼狼占霊村村村村村楽11人	狼狼狂占霊狩村村村村楽12人	狼狼狂占霊狩村村村村村楽13人	狼狼狼狂占霊狩村村村村村楽14人	狼狼狼狂占霊狩村村村村村村楽
プロローグ,シスターフリーデル,霊能者,役職希望も復活しました。ただし30%の確率でおまかせにされます。初参加時は村人希望ですが、これもおなじく30%の確率でおまかせになります。以下実装。
プロローグ,農夫ヤコブ,村人,死亡フラ…　ふらんだんすっすか？いやぁ横文字はてんでダメなんだぁ。
プロローグ,シスターフリーデル,霊能者,楽天家さん悩ましいですわね。１３人村が、ついに村側マゾマゾに
プロローグ,神父ジムゾン,人狼,>>136教会はいつでも迷い子を受け入れますよ。>>140お知らせお疲れ様です。今から希望出しなおしは無理層ですねぇ。
プロローグ,旅人ニコラス,人狼,>>137ヒソヒソ(牛を捌くなら任せたまえ、分け前は折半で良いぞ。)
プロローグ,農夫ヤコブ,村人,お譲ちゃん、あんがとなぁ。"はわい"だべかぁ。意味はわからんけんども、好子も喜ぶべぇ。
プロローグ,青年ヨアヒム,村人,フリさん>>139、>>140わあわあ！ 次の村からはそうなるんですね！ ゲルト様いつもありがとうございますなのですよー。じゃあこの村が全員おまかせ村ラストなのですねー(*´∀｀)
プロローグ,旅人ニコラス,人狼,>>140お疲れ様13人村側がまたマゾいな-楽で5本の縄で人狼側4人か
プロローグ,農夫ヤコブ,村人,ややぁっ。好子も"はわい"も乳牛だべさ。何やらおっがない話が聞こえたべぇ。
プロローグ,青年ヨアヒム,村人,あ、13人村は今まで狂なしだったのですね。それが復活したですかー。狂なし13人村というのも一度くらいはやってみたかったものですが、やっぱりそれは狼さん的には難しかったのかしらー(´∀｀*)
プロローグ,司書クララ,村人,次の村から色々変わるのですねー。１３人村は大変なことに…投票CO関連を少し纏めてみました。解釈が違っていたらごめんなさい。使いたい感じの意見を賛、使いたくない感じの意見を反、どちらでもない感じの意見を△で数えています。長者旅青兵妙娘神尼書年羊尼反△△反△△反反△△賛△△
プロローグ,農夫ヤコブ,村人,ほ～、おまかせ村最後だべか。それはまた。おらも狂なしやってみたかったべ。んだけんども、13人村はまた変わりそうだぁ。
プロローグ,旅人ニコラス,人狼,うむ乳牛か主に草を食む乳牛は内臓、特に胃腸が旨いと聞く。軽く塩を振って炙ればコレ最強なり。
プロローグ,司書クララ,村人,偽者さんが全て狼、というのは些かわかり易すぎたのかも知れませんね。よくわかりませんけど。
プロローグ,青年ヨアヒム,村人,クララちゃん>>150纏めありがとありがとなのですよヽ(´∀｀)ノ僕的には「システム利用がイヤ」なわけではないのであまり考慮しないでもらってもよかったのですが反対が多いようですね。というか僕の発言はちょっと戦略みたいな観点が混じっててプロの回答としては適切でなかったかもー。はんせいー。
プロローグ,シスターフリーデル,霊能者,１３人村は運が良かったのか出来ましたわ。意外とイーブンかと思ったのですが・・それに投票COといいますが、まだ完全なものではありませんしね。導入以前の問題だと思いますわ。
プロローグ,司書クララ,村人,>>154 まあ、折角の役職希望無し最後の村ですから、どうせならもっとプロで戦術とか語っちゃえば良かったのかな、なんて…思ってませんよ、思ってませんからっ！
プロローグ,シスターフリーデル,霊能者,役職希望に関しても個人的にはなしの方が嬉しかったりしますわ。。
プロローグ,羊飼いカタリナ,占い師,もうすぐ夜明けー。>>153偽者が狂か狼か、考えるのも醍醐味の1つだものね。護衛発生で、占霊確定も容易に起こり得るし。
プロローグ,村娘パメラ,村人,ふぅ……何とか夜明け前に戻ってこれた。ちゃんとフルメンバー揃ったようだな。宜しく頼む。
プロローグ,農夫ヤコブ,村人,好子おぉ…(泣)旅人さんさんは好子のめんこさ知らんから、そなこと言うんだべ。好子は家族だぁ。"はわい"もだぁ。
プロローグ,羊飼いカタリナ,占い師,>>157私もどちらかと言えばなしがいいかな。メタが通用しないのと、夜明け前のどきどきわくわく感があるから。
プロローグ,青年ヨアヒム,村人,クララちゃん>>156それなんてとっつきにくそうな村(ノ∀｀)さあ、夜明けを越えて何が生えるかな！何も生えないかな！公然と役職がわくわくできるってなんだか嬉しいですね！
プロローグ,司書クララ,村人,>>157 ついうっかり、とかありますものね。希望できること自体は嬉しくないわけではないですが。パメラさま、おかえりなさい。もうすぐ夜明けですね。胸が高鳴ります。(@0)
プロローグ,旅人ニコラス,人狼,さあ開幕の時間だ
プロローグ,負傷兵シモン,人狼,あと1分！
プロローグ,農夫ヤコブ,村人,よしこおぉ…
プロローグ,青年ヨアヒム,村人,はっ！ 役職わくわくが口に出来るのもこの村で最後なのですね！（一応）さあ胸を高鳴らせて待つですよー＠０
プロローグ,農夫ヤコブ,村人,はわいいぃぃ…　(喉もったいないだべ
プロローグ,少女リーザ,狩人,愛があれば空だって飛べるってペタ君言ってた
1日目,楽天家ゲルト,村人,ふぁーあ……ねむいな……寝てていい？
1日目,旅人ニコラス,人狼,というわけで定番議題■１．まとめ役をどうするか■２．能力者COタイミング■３．今日の占い希望(●)他にあったら追加してくれ
1日目,青年ヨアヒム,村人,というわけで誰かと被りそうな気はしますが議題なのですよおお！■１ まとめ役について■２ 能力者COについて・回避などの件も含む■３ 今日の占先
1日目,青年ヨアヒム,村人,あああ急いで書いたのに負けたのですよう(ノ∀｀)やっぱり夜明け前から準備しておくべきでした。くぅ。でも内容は同じなのですよー(´∀｀)人(´∀｀)
1日目,羊飼いカタリナ,占い師,夜明けー。それでは、張り切って参りましょう。最初は、COの話題が中心になりそうかな。私は一先ず、様子を見るとします。
1日目,シスターフリーデル,霊能者,■１．まとめ役は霊COでFAですかね。ただ狼サイドに４人もいるので確定しにくいとは思いますわ。。。■２．霊は初日CO、占い師関連は、霊の確定状況によるとかが一番ベストな気がしますわ。
1日目,少女リーザ,狩人,まずは議題謝謝。■１．まとめ役は確定霊。確定しなければ票をまとめるだけのまとめ役を立候補で。■２．ＦＯ希望。戦術云々というよりは情報ガンガン出してそれぞれの発言をじっくり吟味して考察していくのが醍醐味のように思っていますのでＦＯ希望。多少戦術的な意味合いで言えば、さっさと騙りださせることで、相談させる隙を少なくできるかなと。
1日目,旅人ニコラス,人狼,■１．さしあたって初日は多数決、二日目は確白に、狂人の可能性は0ではないが個人的に低いと思っている。なお霊の確定はあり得るが期待すべきことでは無いと思うのでここでは無いものと仮定している。■２．基本的に初日FOただし先にCOした側の状態次第で後者を変えたい。例えば霊確定時の占COは初回襲撃のリスクが極端に高い。逆に言えば占3COになった場合の霊COは慎重になるべきだ。
1日目,司書クララ,村人,狼3狂1、6手の奇数進行ですね。■1.霊先COで確定すればその方にお任せしたいです。確定しなければ時間を区切って多数決で構いませんわ。■2.潜伏は面倒が多いですのでFOを希望します。霊確なら占潜伏もまあ無いではないかなと。あくまで希望はFOです。潜伏の場合、回避は占吊ともにアリが良いです。霊2で占回避が出た場合などは対抗保留も視野に入れても良いかと。■3.これはひとまず保留ですね。
1日目,青年ヨアヒム,村人,■１　霊か多数決の状況次第で。■２　投票COは狼さんにリスクなく混乱の種をまく機会をあげるだけなのであまり賛成ではないのですよ。それなら3d第一声でもいいじゃない大げさだなあと思う感じです。占師保護の為なら霊3d第一声は割といい策だと思いますが、混乱しそうな人が多いなら普通にフルオープンで。どの道占師は1dがよいとは思います。1dの、一応ある程度みんなの素の意見を聞いてから、人の多い時間にサ
1日目,青年ヨアヒム,村人,サッとCOできるといいですね！なんで人の多い時間がいいかというと、狼の混乱を招けるかもしれないからです。あくまでもかもですが。ロケットCOとかが狼の混乱を招けるといいますが、ロケットCOの場合だと狼さんは見なかったふりをしてCOを遅らせればいいわけですから。その見なかったふりを出来るだけ防ごうって算段です。
1日目,ならず者ディーター,村人,アイドル業は時間なんて関係ないんだぜ！■１．確霊に任せたいな。まあ初日は多数決でもいいんじゃね？■２．初日FO希望。確霊になった際の占COはちとばかし悩むとこだが、もう初日からがんがんいこうぜ！なノリでオープンにすればいいと思う。■３．まあゲルトでいーんじゃね？
1日目,羊飼いカタリナ,占い師,えーっと、>>176、>>177、>>178、>>179、>>181。議題回答見る限り、初日FOが多いみたい。村の総意に沿った形でCOしようかと思って様子見してたけど、COしておきます。私が【占い師】です。よろしくね。
1日目,負傷兵シモン,人狼,■1．初日からまとめ役が必要だとは思わないが、霊能者を潜伏させておくメリットも大して思いつかねえから霊出して確定すればまとめやってもらってもいいなっつー感じだ。■2.潜伏はハマれば強いがその分ハイリスクだし、普通にFOでいいと思うぜ。霊能者が確定すりゃその霊能者の好みのタイミングで出せば良いんじゃねえか？霊能確定しなけりゃ出るべきヤツが出たいタイミングで出りゃいいと思うしな。
1日目,神父ジムゾン,人狼,皆さんおはようございます。>>171　素敵ですね、ありがとうございます。■1.まとめは白確定すればした方でよろしいでしょう。まとめなしで自由投票でも構いませんが。■2.希望はFOです。潜伏希望者がいるならば、霊確定狙いで先に霊COでしょう。まとめなしならばFOを強く推します。霊潜伏は占い先が霊になると回避等の手間がもったいないので、最低でも霊は本日中にCO希望です。
1日目,シスターフリーデル,霊能者,では私も流れを組んで【私は霊能者です】【私は占い師ではありません。】
1日目,旅人ニコラス,人狼,補足■２．なんだが、占3霊1状況での襲撃リスクはあるが、初回襲撃者が占の可能性とか考えたくも無い。よって先に占師からのCOを希望する。つまり霊潜伏の可能性を残すと言うことだ。
1日目,農夫ヤコブ,村人,■１ 確定霊にお願いしたいだぁ。確定しなかった場合は、初日は投票、立候補がいたら票まとめぐらいをお願いするだべ。■２ できれば占もしくは霊潜伏希望だぁ。能力者保護が優先だべ。潜伏の場合、吊占共に回避有りだべ。でもFOも多い…だべなぁ…。もしFO多数ならばCOは一気に回すべさ。■３ 帰ってから考えるべさ。
1日目,ならず者ディーター,村人,とかなんとか言ってたら【カタリナの占CO確認】【俺は歌って踊れるが占いなんてできないぜ（非占）】★カタリナ＞村の総意に沿った形でCOしようと思ったのに、なんでまだ半数にも満たない現状でCOしたんだ？
1日目,村娘パメラ,村人,議題ありがとう。答えることにするよ。■1.霊確定＞多数決。霊が確定したならば霊にやってもらうのがベストだろうが、その可能性はそんなに高くはないと思ってるので灰から立候補でもいいだろう。
1日目,司書クララ,村人,【カタリナさんのCOを確認】、この時点で対抗保留する意味は無いものとして【対抗しません】と宣言しておきますね。★カタリナさま>>174の様子見発言から独断までが結構早かったように思うのですが、CO理由をお聞かせ願えますか？また、占潜伏となった場合のことは考慮されていましたか？とりあえず、残りキャベツを使った【ロールキャベツ】をお出しして、今日は休ませていただきますね。
1日目,青年ヨアヒム,村人,カタリナちゃんのCO確認。というか>>174とか発言してCOしなかったら逆になんでねえなんでって思いますが。対抗はサクサク回すが吉ですよーヽ(´ー｀)ノ【僕は占師ではありませんのですよー】
1日目,村娘パメラ,村人,■2.基本は霊→占の順でのCOの形を取り、霊確定ならば占いは3日目第一声CO。霊が複数出るようであれば占いも初日COでいいと思っている。3日目第一声COはCOしないまま真占いが襲撃される可能性も少なからずあるが、その場合確定霊ベースの基盤があるので襲撃されても十分戦えるだろう。
1日目,青年ヨアヒム,村人,はうんはうん、霊能者さんも出ていたですよ！(*´Д｀)発言を無駄にしてしまいましたのです(ノ∀｀)【僕は霊能者でもありませんのですよー】
1日目,村娘パメラ,村人,む……カタリナとフリーデルのCOを確認した。FOのようだな。【私は占い師でも霊能者でもない】
1日目,農夫ヤコブ,村人,【占いなんてできないべぇ】【霊なんて見えないべぇ】【CO者確認ちゅうだべぇ】
1日目,ならず者ディーター,村人,てかタイミング悪いな、俺。【リデルの霊CO確認】【俺は歌っｒｙ霊は見えない（非霊）】なんだかガンガン系が多いみたいだな。つーことで、俺は寝る。起きてる頃には全員回ってたらうれしいぜ。ついでに明日晴れてたらいいなぁ…。
1日目,神父ジムゾン,人狼,【私は占い師ですよ】シスターが自称霊、カタリナが騙っているの確認しました。
1日目,司書クララ,村人,【シスターさまの霊COも確認】、こちらも同じく【対抗しません】さくっとFOですかね。テンポ早いのは嫌いじゃないですよ。ではでは。
1日目,少女リーザ,狩人,カタリン占ＣＯ確認非対抗】【フリリン霊ＣＯ確認非対抗】ＦＯ希望だったけど、非ＣＯ状態で自分の希望述べてからＣＯっていう流れを漠然と考えてた。流れがＦＯだと思ったからただそれに従ったのか、自分もＦＯ希望だったのか、他希望だったが流れを見て従ったのか不明。二人は暇あれば答えてくれると嬉しい。
1日目,負傷兵シモン,人狼,お、もうどっちも出たのか。オレも流れに乗って【非占非霊】と宣言しておくぜ。とりあえず一通り回りきるのを寝て待つとすっか。
1日目,旅人ニコラス,人狼,【私は占い師、霊能者では無いよ】>>185なんで非霊してんの？とか一瞬思った。占を霊COの状況を見て決めると言っていた(>>175)が、これは逆でも同じことは言えないかな？何故占いCOを待たなかったのか聞きたい。
1日目,羊飼いカタリナ,占い師,>>188、>>190。>>182までで、FOの流れになりそ、と思い、あまり様子見が長引いても問題なので、COを選択。潜伏は、主観でも客観でも灰襲撃怖いし、考慮してなかったかな。それから、霊COと占対抗CO確認ー。
1日目,少女リーザ,狩人,■３．ヨアヒム君かな。んーと、パッションかな！なんかもう夜中とか出歩いてそうだよね。お母さんがヨアヒムさんには近づいちゃダメって言ってたし！まぁ、なんにせよあれだよね。手順とか戦術とかも大事だけど、楽しんでいきたいね！さて、寝るよ。夜更かしは３文の損ってね。
1日目,シスターフリーデル,霊能者,>>201 正直、狼に色々考えさせる暇を与えたくなかったというのと、元々霊COは村の総意だったようなので早めに出ておくべきだと思った。ここでモジモジしてても仕様がありませんしね。私もCO回るのをまって寝落ちいたしますわ。
1日目,青年ヨアヒム,村人,回覧板を書こうとしたけど時系列がめちゃくちゃなのー(´∀｀)COが落ち着いたらだれかにおまかせー。活発な村の証でとてもよいことなのですよ。そして占師は3COですか！ 把握してらっしゃるかと思いますが、万が一撤回などある場合は一応全員のCOが完了してからで御願いしますなのですよー(´∀｀*)
1日目,少女リーザ,狩人,寝る前に【カツラジムゾン占確認非対抗】。愛があればきっと狼さんもわかってくれるよ。おおげさだなぁ。僕は自分の部屋で寝るね。
1日目,農夫ヤコブ,村人,>>201　旅人さんは占師でも霊師でもないということでいいんだか？表はつくってるけど、まわりきる前に眠りそうだぁ。おやすみだべ。
1日目,村娘パメラ,村人,シスター>>175シスターの希望は霊の数を見てから占いのCO方針を決めるという形と受け取ったが、自身が霊ならロケットCOしなかった理由は何だろうか？まとめの存在が不確定なこの村では、霊より占が先にCOしてしまう可能性もあるというのに……私も一旦この辺で休ませてもらうことにする。また朝辺りに……
1日目,旅人ニコラス,人狼,>>201ああ分かりにくかったか、【私は占い師でもないし、霊能者でもないよ】(再確認)
1日目,羊飼いカタリナ,占い師,後は1巡待って、灰観察ね。 >>205占3CO？占2、霊1、なんだけど……少なくとも、狼的ではない間違い、なのかな。今後の発言待ちということで、保留しておこうっと。
1日目,青年ヨアヒム,村人,村長さんとペタ君は夜明け前にいなかったよね。ということはすぐ来るとも限らなそうかな。とりあえず今の所の感想はカタリナちゃんが初回発言>>174から出る気満々で吹いたってくらいかなあ。真でも狂でも、まあ狼でもありうるけど、でもクラちゃんに対する返答>>202はその態度と齟齬はないかなー。3-1でシスターに突っ込むパメちゃん>>208はきっと真面目さんだね。それではおやすみ(´∀｀)ﾉｼ
1日目,青年ヨアヒム,村人,>>210∑あああ。僕は馬鹿な子ね……。ニコさん>>201は占COではなかったのね。いろいろごめんなさいなのですよー。おやすみー。
1日目,シスターフリーデル,霊能者,>>208 ロケットCOを押されたのは初めてです。ロケットCOも何もある程度皆の票周りを見ておきたいと思いましたし、それにしたって占い師COが予想外に早かったので、あれ以前にCOしろといわれても、どうしようもありませんわ。個人的には今の自分のも結構早いCOだと思ってますわ。
1日目,旅人ニコラス,人狼,>>174 私は一先ず、様子を見るとします。>>182 村の総意に沿った形でCOこれって村の総意が3dだったらほぼ100%初回襲撃貰う気がするが、能力者、ましてや占い師の発言として>>174は迂闊過ぎないかな？何か意図があるなら教えて欲しい。と聞こうとしたら>>202 潜伏は考慮してない。潜伏は嫌なのか、村の方針に従うのか、どっちなんだ。
1日目,旅人ニコラス,人狼,>>204回答ありがとう。だが村の総意というにはあの時点でのFO(または霊初日CO)希望者は半数に満たないように思えるが？数えなおしたが「修妙書者傷神」の6人かと私は占COした場合は様子見を提案しているし青も明確なFO希望ではないように思える。確定するようならば答えて貰わなくてもいいが喉が余るようなら教えてくれ。
1日目,神父ジムゾン,人狼,羊修者司青娘農神女兵旅占霊×××××占×××>>215時点でのCO状況ですよ。ディーちゃんやクララは後からシスターの霊COを見て非対抗していますが、まとめて最初のカタリナのCOで順番表示しています。それでは、夜が明けたばかりですがお休みなさい。
1日目,旅人ニコラス,人狼,能力者と灰の考察も落そうかと思ったがちょっとまとまらないのでもう寝ることにしよう。とりあえず占い師の真偽だが勘では「羊>神」かなぶっちゃけ>>174が個人的にあり得んが、初日CO前提の真ならまだ分かる。狂でもまあ分からないでもない。人狼は無いと思う。対して神の方は特に破断の無い無難意見なんだが、それだけに騙り易いとも言える。駄目だ考えが纏まらない。寝よう。お休み。
1日目,羊飼いカタリナ,占い師,自己解決したところで>>212に気付いた私でした。ジム狼なら、ヨア狼もあり得るけど……何となく、ないと思うな。>>214占霊のどちらが先にCOするか、占COから回して占3なら霊潜伏か、とかは考えていたものの、経験上、村の総意として占潜伏にはならない、と思ってたり。
1日目,少年ペーター,村人,おはようございます。幼稚園に行く前にちょこっとだけだよ～。■1.フリーデルおねーさんが確霊になったらお願いしたいな～。■2.ＣＯが始まってるから僕もしておくね～。【霊でも占でもないんだよ～。】幼稚園で鳩と遊んでるから、必要なときには鳩を飛ばすね～。
1日目,シスターフリーデル,霊能者,>>215霊まとめ以外になにか選択肢があるのであれば、教えていただきたいですわね。霊COまとめになるのは目にみえていたと思うのですが・・・、ワタクシにはそこを追求する意味が良くわかりませんわ・・・まだきっちりと決まったわけでは有りませんが【仮決定２２：４５　本決定２３：１５】左のようにお願いしますわ。
1日目,シスターフリーデル,霊能者,【占い希望は早めに出すようにお願いいたしますわ。】【投票COは基本的に、良い提案がなければ使用いたしません。】【一応ですが、狩人さんは占い対象になっても回避なさらなくて結構です。】それではしばらく失礼いいたします。
1日目,司書クララ,村人,おはようございます【神父さまのCOも確認】後は村長様だけのようですね。やはり回りきるのは夜でしょうか。カタリナさま＞回答感謝です。★>>182「村の総～様子見」ということは、FOが村の総意と解釈してのことですか？霊先COの話もありましたが。とりあえずはシスターさまに緩くまとめて頂いて構わないと思っております。>>221の方針に反対する所はございませんね。決定時間も対応可能です。では後ほど。
1日目,司書クララ,村人,あ、回答をきちんと読んでいなかったのが発覚。申し訳ありません。カタリナさま＞「流れ」を読んで、ということですね。もともと初日CO希望と言うことですか。上の質問は★占先COを選んだのは何故ですか、と言い換えて置きますね。神父さまはCO後に表纏めのみ、カタリナさまは早速、狼を探す意思を見せていらっしゃいますね。そこを即真贋要素とは致しませんが、方向性の見える発言が多いのは嬉しいです。ではでは。
1日目,負傷兵シモン,人狼,今んとこ2-1か。村長がCOしなけりゃ狼3潜伏、若しくは狂人潜伏。村長が占COしたらコアズレが酷くて不安。村長が霊COしたら2-2になってライン線になる、と。つか、まじで村長いつくるんだ。とりあえずシスターさんが纏める方向で良いんじゃねえかとは思うぜ。
1日目,負傷兵シモン,人狼,オレは手数が厳しくなろうとも盤面整理はそれなりにキチッとやりきるべきだと思っている。そもそも情報が大して落ちない1日目や2日目で他人の白黒見えりゃ苦労しねえ訳で、どっちかっつーと序盤はその人がどんな人かを見定める事に重点置くべきだと思っている。みんなに気をつけてもらいてえのは、話してる内容の意味がわかんねえヤツが狼だとは限らないっつう話な。オリジナルな推理を展開すると能力矛盾が生じやすいから
1日目,負傷兵シモン,人狼,おかしい事言ってるから狼、ではなくそいつが狼だとしてそんな事言う必要あんのか？って事も考えていけば安易に村人を狼だと誤認する事もねえ。そんな訳で、オレは好みや考え方、姿勢等が見えてこねえヤツを占いや吊りで処理していくべきだと考える。それを踏まえた上で、現時点までに出ている発言を見るにこの3人が白いかっつーのはまた別の話だが、ヨアヒムとクララとニコラスは今日の占いに当てる必要はねえと言っておく。
1日目,負傷兵シモン,人狼,その3人除いた所では、リーザは>>176「FOなら情報多い」っていう無難な意見だなと思ってたが、>>199で早速意見述べてるしここも初日占いの必要はねえと判断。そして気になる部分があったら質問飛ばそうと思ったら軒並み先手打たれてた。質問したかった事先に聞かれてて、く、く、悔しいとか思ってねえから！能力者CO順は狼に考える時間があった事と、ドドドッと出てきた事からあまり参考にならねえと思う。
1日目,負傷兵シモン,人狼,まだ時間があるからもういっちょ喋っとくか。パメラも>>208で霊につっかかってるのがなんか人物像見えてきそうだからここも初日占い外して良いと思うぜ。もし2-2になるなら信用落としを先回りしてやった事になるが、その辺は今考える必要ねえから今後の状況見てから判断すればいいだろう。一応言っとくが初日や2日目でも「黒い！」って言えるヤツが居たらそいつを占いや吊り先にする方が良いと思ってるぜ。
1日目,少女リーザ,狩人,おはよ。これが偽要素であるかどうかは置いておいて、「村の総意」と安易にひとくくりにしてしまうのはあまり私は好きじゃないな。特に、意見が半分も出揃ってない状態であったし、少数意見を無視しているようにも感じる。（少数意見が実際あったかどうかではなく）「村の総意」に従っただけですというような言い方を使うことで「村の総意＝ＦＯ」であるように錯覚させられるような懸念も。冒頭の通り、偽要素とまでは言わない
1日目,少女リーザ,狩人,偽要素とまでは言わないけれど、多少安易すぎたのではないだろうかというところ。シモンの言葉を借りれば「どんな人か見定める」ための材料にはなりそうかな。さて、しばらく出かける。ハワイを買いにいくんだ。
1日目,神父ジムゾン,人狼,おはようございます。まだCO回りきっていないのですね…。リーザ>>203 ●ヨアヒム君との事ですが、パッションの元となる発言はありましたか？全体的に戦術論に喉を割いているのが気になる、とかでしょうか。私はヨアヒム君を白く思います。カタリナが>>210で言っている要素を除いてもです。無防備に大量発言する辺り、占われない様気を使わなくてはならない狼には見えません。
1日目,神父ジムゾン,人狼,又、カタリナの発言に対する反応が凄く素直です。>>191『>>174とか発言してCOしなかったら逆になんでねえなんでって』　>>211『初回発言>>174から出る気満々で吹いた』議事をよく追っている感じもしますし、狼ならどこかで素直さが崩れるでしょう。今日占う必要はありません。ぁぁヵゎぃぃ。全体的に随分とイケイケなニコラス君も今日占う必要はないでしょう。段々色が見えてくると思います。
1日目,神父ジムゾン,人狼,理路整然としたクララは信頼できますね。占う必要ないでしょう。シモン君の>>225>>226は同意です。寡黙は吊りましょう。占って白でも、残して戦力になるかと言えばなりません。人間なのにパンダになった場合、庇いきれる気がしません。寡黙占いはもったいないです。>>228 パメラがシスターに質問>>208した件に『もし2-2になるなら信用落としを先回りしてやった』随分深読みするタイプですね。
1日目,神父ジムゾン,人狼,割と質問>>208に到る考えに納得できたので、そこを突っ込むのは深読みに思えます。シモン君は日数が進めば進む程深読みで迷走するタイプではないでしょうか。逆に迷走しなければ●▼に。本日は占う必要ありません。ヤコブ君とディーター君が、発言しているのに物凄いステルス性能発揮していて気になります。村長はCOだけでも回して頂けると助かります。他の方はもう少し発言増えるの待ちますね。
1日目,青年ヨアヒム,村人,こんにちは～なのですよ～。修>>220～了解なのですよー。真っぽい姿勢だしこのまま確定になるかな。所でシモンさん！>>226で別にろくに質問とかしてない僕を占からはずしていいと思ったのは変な勘違いしたから！？あのアホの子は放っておこうって思ったの！？うあああん！(ノД｀)･ﾟ･。自分の考察姿勢を語り出すのは狼とか訳の分からないことを言われた記憶があるけど僕はそうは思わないので、兵>>225
1日目,青年ヨアヒム,村人,は真摯な姿勢だと認識するよ。ただ女>>199で今日の占不要カテゴリに入れちゃうのか…。僕には正直何のフラグも立たない発言に見えるけど、シモンさんはここから何か見えたのかな。それとも意見したってことを評価したのかな。シモンさんの評価方法なら後者かなとか思いながらちょっと念の為。ニコラスさんは羊>>174を気にしてるけど、僕はやる気満々だぁ！と思いこそすれ大して気にはならなかった部分。このルールで
1日目,青年ヨアヒム,村人,占3dはありえないと僕は思うしリナちゃんもそう思ってる節があるから。ニコさんも「初日CO前提の真ならまだ分かる」って言ってる通りですね。旅>>217の「人狼は無いと思う。」の根拠はわかんないけど、僕も羊狼は薄めだと思うです。狼の独断CO自体は別に珍しいとは思わないけど、あれほど出る気満々なら微妙なことを言わずに即COしちゃってるんじゃないかと思うのがひとつ、僕に対する狼探しの姿勢がひとつ。狂も狼
1日目,青年ヨアヒム,村人,村の判別は考えてるから非狂要素ではないけど、反射気味に羊>>210、>>218みたいな発言が出るのはちょっと非狼っぽくはあるですよ。ニコさんは僕的にはちょっと気になる突っ込み方をしつつ理解できる解釈で解決してるので（相手が占師なので微妙は微妙ですが）今流行してる今日占わなくていいかなーに入れる筆頭は僕的にはニコさんかな。
1日目,神父ジムゾン,人狼,む、ヨアヒム感謝ですよ。灰だけ見ていたら>>220を見落としていました。【仮決定２２：４５　本決定２３：１５】了解しました。>>221も了解です。＠12
1日目,農夫ヤコブ,村人,飯だ飯だぁ。やっぱうちで採れた白菜の漬もんはうめぇなぁ。おら、飯のついでに覗きにきただ。COが回ってないのは村長さんだけっすか。確霊したら、尼さん、引き続きまとめよろすぐな。時間もろもろ了解だっぺさ。さぁて、占師さんについてだが、羊は大胆な真占か、能力者騙りに積極的な狂人かどちらともあり得るんだな。狼の可能性はおらはちと無さそうに思うだが。なんとなくだぁ。んでだ、>>218の「神狼だったら…
1日目,農夫ヤコブ,村人,」あたりは、対抗と灰の関係をすっと考察して落とせるあたりは、まぁいい感じだべ。それに対して、神さんの>>231の嬢ちゃんにした質問は、質問しやすいところをしてきた印象があるだぁ。んだけんども、それも神さんのスタイルなのかもしれんだ、まだまだわからないだぁ。★灰には触れてるが、対抗について思うところはないんだべか。
1日目,司書クララ,村人,こんにちは。お昼ですので【サンドウィッチ】をお出ししておきますね。シモンさんの所信表明はそれ自体がどうと言う訳ではありませんが、>>225「話してる～限らない」はSGが勝手に形成されるのを牽制する言葉で非狼的。判断方法も冷静ですし、今後の動きと沿うか見れば良いでしょう。★私も盤面整理は必要派ですが、このまま2-1なら占候補吊りを考えると吊り手余裕がかなり少ないです。そこは考慮されていますか？
1日目,司書クララ,村人,占い師さま方ですが、カタリナさまは「村の総意」発言、神父さまは表まとめに早い灰考察と、方法は違えどお二方とも信用を取りに行くという意思は感じられますね。神父さまの考察を見ましたが、兵評>>234「迷走しなければ●▼」がひっかかります。安易に状況を想定して●▼に当てるというのは短絡過ぎではないかと。疑い撒きにも見えますね。リーザさまが少し気になります。ご自分の考えを素直に表明なさっている感じ
1日目,司書クララ,村人,は見受けられますが、それらが単発的に見え、思考の流れが追えていません。発言増加次第という気も致しますが。★>>203のヨアヒムさま占いは本気の希望と取って良いのでしょうか？またこのタイミングで希望された意図をお聞かせ願えますか？ヨアヒムさんは>>235からの思考の流れは追えますね。リナさんの発言への反応も共感出来ます。そこまで素直で無防備な方だとは思いませんが、可愛らしいのは事実ですね。
1日目,村長ヴァルター,狂人,【霊・占のＣＯ確認】【僕は霊・占ではありません】■１．まとめ役はいらないと思います。個人戦がいいです■２．初日でいいと思います
1日目,司書クララ,村人,ニコラスさまは羊尼両者のCO周りへの感情の乗り方に作為感を感じませんね。これまでの発言から思考のスタイルは全く掴めていませんが、筋道を立てて話す感じも受けます。今のところは、青兵旅辺りを今日占うとなったら全力で反対したい、とそんな感じでしょうか。他は発言の伸びを見てから見ていきたいと思っています。余計なお世話とは思いますが、それぞれが吊り縄の数を常に意識しておくべきと思いますよ。では夜に。
1日目,司書クララ,村人,あら、村長さまがいらっしゃいましたね。本当に良かった。これで2-1確定ですね。シスターさま、纏めの方改めて宜しくお願い致します。占い真贋はきっちり吟味する必要がありそうです。せっかくの霊確定ですから、シスターさまが不都合でなければわざわざ個人戦にする意味は無いと思いますよ。それにしてもではまた、と言った直後にCOが来る私のタイミングの悪さはどうにかならないものでしょうか。…ではでは。@10
1日目,村娘パメラ,村人,こんにちわ。残りはまだ来てない村長だけのようだな。っと書いていたら村長が来たようだが訂正も面倒臭いので思考垂れ流す。>>213返答感謝する。シスターの考えはわかった。このまま確定したらまとめよろしく頼む。シモン>>225には概ね同意で、私の場合初日の占い希望には自分の思想からより遠い人物を選ぼうと思っている。後半他人の白黒判断をほぼ発言のみで考えるとなると、決定的に黒い発言がない限り考え方
1日目,村娘パメラ,村人,の違いの激しい人程判断が困難になるだろう。初日にどんな人物か見極める事は重要さ。すまない、忘れていた。【決定時間了解】この後村長のCOが有らず2-1が確定すれば占い内訳は真狂濃厚と見ていいだろうな。仮に真狼だとしてもその場合狂人は灰に潜伏している訳でただの村人と同じなので恐れるに足らず。それと肝心の真贋判断は明日以降で問題なさそうだな。
1日目,村娘パメラ,村人,灰について……は大雑把だが今のところ自分の思想に近そうなシモン、ヨアヒム辺りは占わなくていいと思っている。その他ではニコラス、リーザは要注目。クララは印象には残っているがパッとしない。残りは似たり寄ったりって感じだ。占い希望はもう少し発言が増えてから提出する予定だ。また夜に。
1日目,青年ヨアヒム,村人,村長さん来てくれたんだね！ けど長>>245■１は遅いよー！ もっと早くに言わなきゃー！ 2-2ならそれも吝かではないけれど。パメちゃん、娘>>250「自分の思想に近そうな…ヨアヒム辺りは～」だけどどの辺が僕が近いと思った部分かな？パメちゃんの目立った意見はCO周りくらいだけどその辺りの方法論は大分違うと思う。まだ言ってない部分で何かあったらパメちゃんの意見と合わせて教えて欲しいな。
1日目,神父ジムゾン,人狼,ヤコブ>>241COする気満々の初動が狂っぽいとは思っていましたが、COが揃う以前に対抗考察を発言する気はありませんでした。村長のCO次第で3-1 2-2になる可能性がありましたから。現在2-1となりましたので、カタリナは狂人濃厚です。初動も納得がいきます。狂人は狼が誰か知りませんので、ラインは発生しようがありません。対抗からのライン考察は余程カタリナ狼が濃厚になるまで必要はないと思います。
1日目,村長ヴァルター,狂人,灰について…ちょっと適当な感じだけどもパメラとヨアヒムが怪しい感じ。シモンはよくしゃべっていてちゃんと狼探してる感じがして白っぽいかな。
1日目,羊飼いカタリナ,占い師,>>223>>176「さっさと騙りださせることで、相談させる隙を少なくできる」>>179、>>180「人の多い時間にササッとCOできるといい」>>181「もう初日からがんがんいこうぜ！なノリでオープン」あたりが、先行COの切欠になった記憶が。全員の意見が出揃ってから占霊CO開始、占COの人数を確認してから霊初日COか霊潜伏かを決める、などの意見が出ることを想定していたりしました。
1日目,羊飼いカタリナ,占い師,>>220【決定時間了解】です。>>171＋>>172、>>201＋>>212から、ヨア、ニコ両狼はないかな。ヨアは狼にしては身軽く、単独行動の気配。>>205、>>211で占COの人数勘違いしたまま意見言うとか、>>251時点で残り6発言とかね。ニコは狼にしては、早くから占霊を強めに触ってる。>>217などから、信用落とし狙いでもないみたい。ヨア、ニコは初回占い外していいような気がする。
1日目,羊飼いカタリナ,占い師,そんちょの>>245で、占2霊1が確定。占に狂の可能性が高いと見ていいね。占に狼とすると、狂が仕事してないのは何、って話になっちゃうし、対抗の灰への手探り具合も狂のものに見えるから。ここから、占3COと誤認したヨアがより白くなるね。作戦にしては発言に気負いがないし、>>205で撤回の可能性は「万が一」としている。占3CO全白が見えていた狼の視点と仮定すると、もっと撤回の可能性を強く示しそう。
1日目,村長ヴァルター,狂人,【決定時間了解】です。だけど仮決定の時間には僕はいませんので二日目以降は最終的に怪しいと思った人を選びます
1日目,シスターフリーデル,霊能者,【占いは第二希望まで出すようにお願いします。もちろん統一占いの流れで】【私確定確認しましたわ。引き続きまとめ役をやらせて頂きます。】【一応ですが皆さん、確認は出来るように喉の扱いには注意してくださいまし。】それでは夜まで潜伏致します
1日目,シスターフリーデル,霊能者,ヴァルタさんの扱いはどうしましょ。これでは回避COもままなりませんわね。ヴァルタさんギリギリ確認可能なのは何時までですか？
1日目,羊飼いカタリナ,占い師,こそこそ。後ね、ヨアとはまた違うけれど、そんちょからも単独行動の気配がする。>>253の世論との微妙な食い違いとか、>>257の2行目とかねー、うーん、赤背負ってるにしては、どうだろう？といった感想。流石に白放置はできそうにないけどね。占2霊1で初手黒を引ければ、狼に占か霊かの2択を迫れるから、灰を大まかに切り分けての積極的黒狙いを視野に入れつつ、そんちょも初回占いは外したい気分だったり。
1日目,シスターフリーデル,霊能者,CO回りきったので現状を簡単にまとめるわ。神父さんもらいますわよ。羊神修者司青娘農女兵旅少村占占霊××××××××××（能力者別にたぶん順番）以上１３名　占いCOは二人、霊COは私のみで確定。狼＠３　狂生存
1日目,負傷兵シモン,人狼,ざっと伝書鳩にお願いして持ってきて貰った文書を流し読みした。何故ヨアリザを今日の占い候補から外せるのか？みてえな質問があった気がするが、オレの中で初日には占わなくていい程度の個性みたいなのは見えたと判断したからだ。ま、それに占いや吊りには限りがあるからある程度の部分は質問等で補うべきだとも思ってるしな。
1日目,負傷兵シモン,人狼,狼側は1人しか出てきてねえんだな。確かに盤面整理する余裕は若干減るが、2-1は情報が確定しやすいとオレは思ってるのと、気合が入るっつー意味でそう悪くはねえと思うぜ。いや、めんどくせえ事は確かなんだかな。
1日目,少年ペーター,村人,ただいまです～。これから議事録読んできますね。
1日目,神父ジムゾン,人狼,ぽぽー。どうも教会に戻るのが仮決定直前になりそうですので、暫定希望のみ。【●ヤコブ君〇リザちゃんディちゃん村長ペーター君あたりから】ヤコブ君は>>241で私の質問を偽要素としつつ、彼自身の灰考察がない為。盤面整理と必死こいて詰め込んだとこスルーで質問だけつつかれガックリなロックオンも込みです。〇の皆さんは完全に発言量からの盤面整理です。夜に発言してくれそうなので、戻り次第絞ります。
1日目,神父ジムゾン,人狼,ぽぽー。どうも教会に戻るのが仮決定直前になりそうですので、暫定希望のみ。【●ヤコブ君〇リザちゃんディちゃん村長ペーター君あたりから】ヤコブ君は>>241で私の質問を偽要素としつつ、彼自身の灰考察がない為。盤面整理と必死こいて詰め込んだとこスルーで質問だけつつかれガックリなロックオンも込みです。〇の皆さんは完全に発言量からの盤面整理です。夜に発言してくれそうなので、戻り次第絞ります。
1日目,ならず者ディーター,村人,うっし、ただいまっとよ。ざっと目を通して【ジムゾンの占CO確認】【リデルの確霊確認】【方針了解】☆カタリナ>>202FOになりそうという感じだけでCOかー。俺としては「あまり様子見が長引いても」なんて言ってないで、先に自身の希望を述べて周りの様子を見てからCO決行てのが理想だな。まあ、この辺は俺のモロ主観なんで、押し付けになってしまうが。
1日目,ならず者ディーター,村人,★カタリナ>>210ヨアのCO数の間違いを「少なくとも狼的ではない間違い」とし、「今後の発言待ち」との「今後の発言」てどういう意味だ？ヨアが間違いを訂正することか？単にうっかりさん（人でも狼でもする間違い）だと思わないのか？ついでに>>218「ジム狼ならヨア狼もあり得る」（後半でなんとなくないと思うといってはいるが）てどんな風にそう思ったんだ？
1日目,ならず者ディーター,村人,ジムゾン>>234「ディータ発言しているのにものすごいステルス性能発揮」て俺その時点全然発言してねーぞ、と。議題回答とカタリナに質問一つ飛ばしただけで寝てるから、ステルスも何も寡黙寡黙！ま、夜明け直後だっつーのが一番の理由だがな！あと気になったのはヨアの発言量だな！喉30ぐらいほしーよなと勝手に決め付ける（笑）
1日目,司書クララ,村人,こんばんは。カタリナさま＞霊先、占先というよりは、早さを優先したということですね。想定していた意見もあったけど切捨て、と。昨夜までの動きと合わせて申告に違和感無いですね。ありがとうございます。カタリナさまは旅青考察を中心に、深さが増していますね。考察内容自体も思考過程を追えます。対して神父さまの考察にはこなし感をやや感じたのですが、>>265「必死こいて～ガックリ」を見ると、灰考察に対して
1日目,司書クララ,村人,見返りを求める意識が感じられます。CO後の集計などを含め、信用を得たいという意識が強い気がしますね。神真有りえないという程では無いのですが、現時点での印象では羊＞神です。奇数進行であれば偽占が狂であってもPP防止に吊るべきで、占い内訳が狂狼どちらかは特に気にしなくても良さそうですね。確霊ならば遅からぬ内に占機能は破壊されるでしょうから、ローラーも考えなくて良さそうです。灰を見ていきますと、
1日目,司書クララ,村人,シモンさまは村側意識を持って盤面の進行を考えつつ発言されているように見受けられますね。ここの偽装は難しいと思うので、信頼できそうです。動向は見ますが。逆に少し気になったのがパメラさま。>>248ですが、結局はシモンさまの意見とは全く異なった結論に至っている気がするので、「思想が近い」に若干の疑問が。灰考察ももう少し思考の過程をお見せ頂けるとありがたいです。残りの方が発言少なくてまだなんとも
1日目,司書クララ,村人,言えない感じですが…★ヨアヒムさま>>238の「僕的には～ニコさん」の部分ですが、「気になる突っ込み方」はどういうニュアンスの「気になる」なのでしょうか？そして、占わなくていいに至る理由も教えて頂きたいです。占い先には斑が出ても確白になっても困らない人を選びたいです。そういう意味で寡黙占いには消極的です。そろそろ喉が痛くなってきましたので少し黙って眺めていますね。【のど飴】皆さんもどうぞ。
1日目,少年ペーター,村人,う～ん。初日は情報少なすぎて苦手なんだ～。まず占い士さんだけど僕は、いろんな人が突っ込んでいるけどカタリナさんの>>174 は布石に見えるかな。神父様のＣＯが出揃うまでは・・・ってほうがしっくりくるけどまだ何ともいえないよね。今のところってことで言うなら神＞羊かな僕は。
1日目,少年ペーター,村人,とりあえずヨアヒムにーちゃん>>205 とヤコブさん>>207のニコラスさんのＣＯ突っ込みは、状況が見えていない村人っぽいかな？僕もぱっと見これで3ＣＯか・・・とおもったもの。もちろんこれも確証はないよ～。
1日目,少年ペーター,村人,シモンさん>>224 とヤコブさん>>240 村長さんのＣＯが出てないからって気になっているのはよくわかります。あとは村長さんだけだな～。陣容はどうきまるのかな？ってやっぱり気になっちゃいますものね。
1日目,ならず者ディーター,村人,現状のざっと灰雑感シモン＞初日はその人の人となりを知るためという考えから>>224から続く己の思考開示は言動が一致している。喋ってくれる人はこのままおいておいたら思考が追いやすい。てことで放置んぐ。クララ＞よくあの少ない流れでそこまで読み取れることができるなと脱帽。スキル高いと（勝手に）認定。てきぱき自身の考えを述べて気になったところは質問していくスタンスが好印象だな。放置んぐ。
1日目,ならず者ディーター,村人,ニコラス＞能力者に対してがんがんいこうぜな姿勢。きっと灰に対しても同じような姿勢でSっ気を出すと思うので、今日は放置んぐ。ヨアヒム＞ニコラスと反対に柔和な態度で周りをめろめろにしてやろうってタイプ。★青>>235「（リデルは）真っぽい姿勢」てどんなところだ？放置んぐ。パメラ＞終わった事だが、リデルにCOについて質問>>248してるが、俺としてはこの人数の場合占ロケットCOがあるて方が想定外
1日目,ならず者ディーター,村人,だったCO。★娘>>250「ニコラスリーザは要注意」てどんな風に注意なんだ？リーザ＞村の総意って便利な言葉だよな。妙>>176「さっさと騙りをださせることで、相談させる隙を少なくできる」としてFO希望し、妙>>199でカタリナのロケットCOに対して若干不満な様子を受けるんだが、それはカタリナが希望を述べずに答えたことによる不満（リデルは自身の希望を述べている）なんだろーかとか漠然と考え中。
1日目,ならず者ディーター,村人,ヤコブとペタと村長はもっと発言見てからだな。ひとまず希望としては●リズ○パメラなとこだな。今日放置んぐのカテゴリーと、発言待ちカテゴリーを外して残り二人をあみだ…（げふん）パッションと言う名の情熱で選んだ。今後の発言によって変更大だな。クララのど飴さんきゅな！んまい！＠10
1日目,少年ペーター,村人,よく喋っているなかではシモンさんとクララさんは独自の考えをもっていながら、それを前面にだしてわかってもらおうとしている点が好感もてるかな。シモンさんの初日は人を見るって考えは同感だし。クララさんの>>246 ニコラスさんの考察も思考読みのようでおもしろいね。
1日目,少年ペーター,村人,情報を常に落としてくれそうなのがクララさんとディーターさんとニコラスさんかな？この調子で細かく発言拾ってくれれば村側にとって有利になると思う。253>> 村長さんの青娘が怪しいは、なにが怪しいんだかさっぱりわからないんでほぼ情報ないに等しいです。たしかに孤独感は感じられるけど・・・どうなんだろう。
1日目,少年ペーター,村人,僕は今日の●はよくわからないから占っときたいか。この人が狼なら怖いなって人から占いたいと思います。よくわからない候補はリーザちゃん、パメラさん。村長さんはよく判らない候補じゃなくてまったくわからに分類しておきます。次にこの人が狼だったら怖いな候補はクララさんとディーターさん。
1日目,少年ペーター,村人,この二人を占うのは狼狙いもあるけど僕自信がノイズなしに意見を聞いてみたいって言う白確狙いもあります。まだ希望はきまってませんので後ほど。
1日目,村長ヴァルター,狂人,僕の今日の●候補はクララさんかディーターさんです。理由はこの二人のどちらかが狼だったらかなり怖いからです。
1日目,旅人ニコラス,人狼,今帰ったこれから議事録を読んでくる。
1日目,神父ジムゾン,人狼,大事な事だから二回……くすん。のど飴いただきますね。ディちゃんがステルスでもなんでもない事確認。〇から外します。ペーター君は後程精査。パメラですが、突っ込まれている『ヨアヒム君と意見が同じ』は未発言だけど同じと言う事ではないでしょうか。具体的な引用は欲しい所です。村長の華麗な追従に吹きつつまた後程。
1日目,少女リーザ,狩人,戻りました。今日は村中に落とし穴を作ってまわっていました。狼の一匹や二匹落ちているやもですね。■３．さて、占いですが●村長でお願いします。　本日の村長の言動ですが、狼であるようには感じませんが後半言動から白決め打って放置できるとも思えません。
1日目,少女リーザ,狩人,>>285●理由が非常に薄いことからも非常に不安です。本日占ってしまって白確定するならよし、パンダならまたそれもよし。今日は●村長が最善手かと思いました。さて、議事録読み直してきます。（私も寝る前ちらっと「あれ、３ＣＯかしまったなぁ、まぁいいや、寝よう」と思っていたら>>201これはＣＯではなかったのね。勘違いは往々にしてありえるね）
1日目,農夫ヤコブ,村人,戻っただぁ。今日は雨に降られて仕事になんながったが、モリ爺のところでつかまっちまったべ。んで、【尼さん霊確定確認だべ】よろすくなぁ。シモさんの>>225～は目にとまるだぁ。方針を言ってくれるとおらとしても分かりやすくて助かるだ。無駄な誤解が生まれねぇよおに、予め言っとく姿勢は理解できるなぁ。んだけんども、その話でいくと序盤の占吊希望先あげは黒くなくても希望出せるっちゃぁ出せるべぇ。ややぁ、まぁ
1日目,農夫ヤコブ,村人,そうは言っても黒くみてるわけではないがらな。おらは他人を見るとき、"ぷらす"にも"まいなす"にも一度捉えるかんなぁ。そうだなぁ、おらは狼探すとき、分かりやすいところで言えば、聞いた本人が答えを還元してるかどうかを見たいと思ってるだぁ。そんでな、旅の非占非霊の分かりづらさ>>201に、気になったおらとしてもな、青年の勘違い>>205する気持ちもわからねーでもないんだ。それを非狼要素と捉える人も
1日目,農夫ヤコブ,村人,いるっぺぇけんども、おらはそうでもない。狼なんざ、いくらでも"えんぎ"できるべぇ。まぁこれは皆と自分への釘刺しだぁ。ヨアさんや、おっちょこちょいも気をつけるだよぉ。「ややぁっ!分かりづらい旅の占COだが、仲間である青年は知ってたから3COと言ったのかぁ？」とも思っちまったべ。でも占2CO出てる時点で、狼が3COする"めりっと"はなさそうだもんなぁ。おら早とちりしちまっただ。
1日目,農夫ヤコブ,村人,クララさんは、眼鏡っ子だけにしっかりしとるなぁ。今日は占い必要ない人一等だぁ。さぁて、増えた議事録もあるし、また読んでくっぺ。今日は情報もすくないしなぁ、狼に占いあてられれば一番なんだが、2-1だし、3潜伏だし、占[真狂]の可能性が高いだしで、確白を得るのもありなのか、それとも今日から班の方がこの先にいいのか、ちとわからねーでいるだ。
1日目,村長ヴァルター,狂人,クララさんに質問…>>243の発言の最後の行の言葉についてなんですがリーザさんが少し気になるとはどういった意味で気になるということなんですか？それと自分の考えを素直に表明してなにがいけないんですか？
1日目,司書クララ,村人,☆村長さま＞>>243は次に続いておりますよ。ディーターさまは灰考察の仕方など、こなれた感じでいらっしゃいますね。>>268の質問は鋭いと思いました。ここも今日占う必要はないでしょう。ペーターさまは初日苦手と言いつつも情報を拾う姿勢が感じられますね。発言伸び期待の意味も込めてここも外して良いかと。★確白狙いとありますが、確白は襲撃を受けやすいこと、狂人潜伏の可能性は考えておいででしょうか？
1日目,少年ペーター,村人,>>295 クララさん☆うん。確かにそうだね。お弁当ってやつだよね。もちろん知っているけど、だからといって襲撃受けるとは限らないしね。この懸念はもちろんあるけど灰でも白すぎてこの人死ぬかもって人は襲撃されるしからね・・・。自分本位って行動はあまり考えるほうじゃないけど見定めたいってのが勝るからってことだね～。あと潜伏狂人だけど占いあたってもその線が可能性あるかぎりはマークははずさないつもりだよ
1日目,羊飼いカタリナ,占い師,のど飴ころころ。>>268「今後の発言待ち」っていうのはそのままで、>>210時点では、>>205が>>201を占COと誤認したせいだと気付いていなかったから、どうして占3COになるのか説明が欲しいー、と思ったわけです。「ジム狼ならヨア狼もあり得る」は、私の白（占or狂）が見えているから、ヨア狼視点、占3COになっても、違和感なく受け入れられる下地がありそうって考えが起点になってます。
1日目,旅人ニコラス,人狼,箱がトラぶったが何とか復帰【修の霊確定を確認 決定時間了解】>>218了解、要するに村の総意とは言うものの最初から初日CO前提だったってこと？>>220選択肢というか霊を確定させるかを選択するのは人狼サイドかと。あと個人的に人狼側は2-2が本命、3-1が対抗だと思ってる。だから私は確霊は前提にしない。意味について,白黒を分けるためには相手の考え方が分からないと価値観が違う人物が黒く見える。
1日目,旅人ニコラス,人狼,最も霊確定した以上、今は意味が無いのは確かだ。以下灰について気になった点、白黒考察と言うよりは雑感長：言っちゃ悪いが更新時間から掛け離れた確認限度、根拠の見えない希望の発言など真剣味が見えない。このタイプは内容がどうであれ▼に挙げたい。者：傷書私の放置理由は分かる気がするが、青放置の理由が読み取れない。(予想は出来るが)。何か行が欠けてるみたいに見える。が他はシンプルかつ分かり易い。
1日目,旅人ニコラス,人狼,年：全体に軽め、かつ今一つ考え方の根っこが見えてこない。今のところはノイズ気味。妙：考察は軽めで、発言も流れに乗ってるようにも見える。●長は適当なSG押し付けにも思えるがSGなら▼にする方が狼側としては効率が良さそうにも思える。総じてやや黒目。青：やや飛んでる感があるが説明が丁寧かつ分かり易い。もし人狼ならかなりのベテランか初心者の二択。どっちにしてもしばらく見ておいて良さそう。
1日目,少年ペーター,村人,今日の希望です～。●リーザちゃん○パメラおねーちゃん理由はニコラスさんＣＯのあとのネタ？投下でＣＯ内容に触れなかった事かな・・・でも見落としもあるし、気にしてないってのもあるのかな？●村長さんもキニナルところ。寡黙を▼ならわかるんだけど●は僕のなかでは無難を選んだとか不自然とみちゃうかな。パメラおねーさんは話してくれてるんだけど印象にないんで当てたいかもって○です。
1日目,旅人ニコラス,人狼,娘：言い回しだけじゃなくて内容も固くて無駄が無い。今のところ根が少し見えにくいノイズ気味。このタイプは途中でどこかが崩れると白黒見え易いと思ってるので今のところは様子見かな。農：少々読み難い。田舎っぺステルス？推理方自体は分かり易いが今一つ考えが見えない。ノイズ。書：今のところ一番思考が分かり易く内容も納得が行く。少なくとも判定を急ぐ必要は感じない。
1日目,農夫ヤコブ,村人,娘さんのことは、者と青が娘に質問してる回答を得たら、また考えたいだ。理由もないし、確かに大雑把すぎるが、まぁ、思うことを落としてくれてる姿勢は村敵関係なく助かるべ。それに対して、小さい嬢ちゃんの方だなぁ。●長についてだが、理由はなぁ至極納得いくんだが…。その他の灰については触れてないし、突飛だ。★嬢ちゃんも、序盤は盤面整理派だべか？嬢ちゃんにとって、他灰の発言で訝しむ点は皆無だっぺか？
1日目,旅人ニコラス,人狼,あと書が手数の問題を上げているが、私は多少厳しい局面でも寡黙は吊るべきだと思っている。寡黙でいることが所属陣営を不利にする緊張感を強いることが出来るからだ。まあこの村だけで見ると意味は無いがね。今のところは●年○農かな、個人的には妙も捨て難いが占いは分かりにくい部分を、黒く見えるなら吊ってしまえが持論なのでこうなる。特に手数が厳しいと占で黒判定→吊りで2手掛けることすら手損になる。
1日目,旅人ニコラス,人狼,さて書いて張っての間に発言が流れてるな。読みながら合わせて能力者の考察を行おう。ついでに先に宣言しておこう。私はローラーが嫌いだ。手数的に詰みで無い限り賛同はしない。確霊がいるわけでパンダ発生→吊り→真襲撃のコンボがありそうだから杞憂かも知れないが一応。@5
1日目,少年ペーター,村人,リーザちゃん289>> リーザちゃんも3ＣＯだと勘違いしてたけどみながしたってことだよね。そうかーなら僕のリーザちゃん●理由がちょっとおかしくなってくるな～。★リーザちゃんは●って言ってるけど▼じゃないのは手数の問題からなの？ちょっと意見をきかせてほしいな～。
1日目,青年ヨアヒム,村人,ただいまあなのですよヽ(´∀｀)ノ＞誰かが言ってた僕の発言数……発言数はねー。今回何個か無駄発言しちゃってるからこれでもかなり節約気味ではあるのですけどねー。この国怖いよねー。まばたきしてる間に残発言数消えちゃうよねー(ノ∀｀)ﾌｼｷﾞｰ書>>273僕的にはたいして違和感のない所にしつこく食らいついてるなあ、というのが気になる部分で、でもそれでいちゃもんつけるでなく理解できる考え方で結論付
1日目,青年ヨアヒム,村人,けてるのでロックオン気味の村人なだけかもねーって思ったって感じですね。具体的には青>>236、>>237で言った部分についてニコさんの結論付けが自然に見えたのです。者>>278纏める気満々だったじゃないですか。修>>220、>>221とか2発言も費やして。これで対抗が絶対あることを知ってる偽だったら中々凝った演出だなーと思うですよ。
1日目,旅人ニコラス,人狼,なんか妙に行が少ないと思ったら傷の考察が消えてる件について傷：自分の考え方を丁寧に説明するのは真偽関係なく好感がもてる。考え方も概ね納得出来るが占候補と放置の差が分かり難い気がする。丁寧な説明と違和感がありやや黒目か。占い考察羊：やはり>>174は真狂狼どれでも勇み足。ただ仲間がおり、開始直後で動きを決めるのが難しい人狼ではあり得ないと思う。
1日目,旅人ニコラス,人狼,逆に最初から打って出る気の人狼なら初手でCOとかしそうだ。灰考察を投げており対抗をあまり意識してないのは真っぽい。(真>狂>>>狼)神：全体無難な発言からすると農に対する疑い返しが少々気にかかる。灰考察は羊より丁寧にも見えるがそれだけに●希望がちょっと違和感。(狂>真>>狼)@3喉のペースを完全に忘れてるorzしばらく黙る。
1日目,負傷兵シモン,人狼,今から個々の細かい考察書いてると仮決定の時間を過ぎそうだから、とりあえず伝書鳩を通じて流し読みした範囲で希望を出しておく。後で発言追って説明するが、ヤコブとディタも初日に占い当てるようなとこじゃないから外す。村長は逆に占い使うの勿体無いからここも除外。
1日目,負傷兵シモン,人狼,つーわけでとりあえず消去法みたいになっちまったが、特別黒いやつも見当たらねえし、人物像が見え辛い●ペタで希望出す。第二希望は悩ましいから少しだけまってくれ。
1日目,青年ヨアヒム,村人,今日の占先だけど僕的には、経過観察[旅兵書者] 占いたい[娘女農] ええと…[年長]というような感じ。ちょっと前4人は喉の都合で置いといて、年長は、んー。年はまだしも長占は……ちょーっと失礼だけど、仮に白でも確白突死が怖ごめんなさい。年は占でもいいかも。肝心の占いたいグループは、リザちゃんはぱっそん的に女>>229の発言が、狼による誘導の軽い恐れなのかなって風に見えて村印象です。ごく軽く。
1日目,シスターフリーデル,霊能者,占い票まとめ（問題点合ったらどうぞ）足りないですね・・・人羊神修者司青娘農女兵旅少村役占占霊××××××××××●×農×女××村××年年女書◯×☆×娘××××××農娘者
1日目,青年ヨアヒム,村人,パメちゃんは、青>>251の返答が気になるのだけどまだみたいだね。待てれば発言を待ちたい。ヤコさんは、農>>292が単純に「僕が分かりにくい非COをCOと勘違いした」と解釈するのでなく「旅青狼で旅の分かりにくいCOをちゃんとCOと理解していたように見えた(？)」っていう風に取るのは、瞬間的な発想としてはどうも不自然な気がするんだけど……これは対象が僕自身だからそう感じるのかなぁ？@2ｳﾋｮｰ
1日目,羊飼いカタリナ,占い師,それにしても……灰が広い。今、白でいいかも、って言えるのはヨアくらいかな。議事読みつつ、灰の切り分けを再開。えっと、ヨア、ニコ、そんちょを占いから外す、までやったよね。ヤコは、最初>>241、>>242が微白、くらいだったけれど、>>291、>>292でヨア白視に警鐘を鳴らしてるのは好印象。ヤコ狼、ヨア村なら、ヨア白いよ、って世論に乗っかっておけばよかったんじゃないかなって思い、占い外し。
1日目,農夫ヤコブ,村人,まぁ、おらもこれといった黒い感じも見つけてねぇだ。占希望は今考えてるところでは、消極的だが消去法だべ…。ディータは「おらも聞きたいだぁ」と思うところを質問してくれてるだ。これは眼鏡っ子も同じだべ。情報を落としてくれてるし、発言もあるから占先候補からはずれるっぺ。娘さんは発言(回答)待ち。シモさんは思考開示の姿勢が見えるからなぁ。青年も性格わかるし、参考にしてもらってるところあるんだ。
1日目,シスターフリーデル,霊能者,占い票まとめ（修正('A`)ｳﾞｧｰ）人羊神修者司青娘農女兵旅少村役占占霊灰灰灰灰灰灰灰灰灰灰●×農×女××××村年年女書（村長は順不同）◯×☆×娘××××××農娘者
1日目,羊飼いカタリナ,占い師,クラは、色は濃くないものの、思考が模範的で理解し易い。乱れがあればわかりそなので、占い外し。ペタは、そんちょよりは安定しているものの、そんちょと同じく単独の気配があり、占い外し。ディタは、>>277、>>278、>>279で、初日から放置枠が多く、狼ならSG探しが大変そう……、占い外し。追記：何で>>241、>>242が微白なのかは、明日あたり説明するので、今は聞かないでおいてほしいな。
1日目,農夫ヤコブ,村人,旅人さんは、占COまわりのつっこみが的確だべ。んだが、初日からきっちり灰考察落とせるのがたまげたというかなんというだか…。少し気になるだが、発言から見れる人だしなぁ。後は[妙年長]だべか。神占CO後に非占した中[妙兵旅年長]に一狼はいそうだし、占っていいところな気もするべ。ちとペタ坊を読み返してくるべ。あ、おらの話し方、わからないところ多いべか？それだったら直すべ。
1日目,羊飼いカタリナ,占い師,そんなこんなで、強引に絞り込んだ結果、リザ、パメ、シモ。私の占い希望は、暫定で●リザ○パメで。最初は色が見えないって理由で●シモ○リザだったけど、>>311の「後で発言追って説明するが」が心の琴線に触れたので変更。リザは、灰にコメントないまま>>288でそんちょ占い希望、が引っかかったかな。
1日目,司書クララ,村人,ペーターさまから予想以上に明快な答えが返ってきましたね。見定める方が大きいという理由なら納得です。情報増えてからの考察に期待できそうです。カタリナさま>>297は内容説明として筋が通っていますね。自分白がわかった上で出た発想に見えます。尚且つ狼を炙り出す心配のある狂にはやりにくいでしょうか。真要素ですね。ニコラスさまはやはり灰への切り込みも鋭いですね。考察の内容自体もすんなり入ってきます。
1日目,司書クララ,村人,ヨアヒムさま>>307回答有難うございます。感覚の不一致で気になるが、内容自体の筋は理解出来る、ということですね。それに羊考察の結果が同じ所に行き着いたことでの共感、でしょうかね。ヨアヒムさまは割りと感覚重視の方のようですね。占い希望は【●農○妙】でお願い致します。ヤコブさまは発言内容が量に対して薄めに見え、ステルス感を感じます。読みにくいから、と言う訳では無いですが。かつ意見自体は流れが
1日目,司書クララ,村人,追いにくいものの比較的しっかりしていると感じたので、白確ならば良し、斑でも占真雁情報から考察を進めて頂けそうです。農妙娘から選びましたが、娘は、思考が独特そうなことと、その傾向がまだ判らないことから外しました。村長さま占いは反対致します。確白となり終盤に残されるのはかなり不安ですし、斑でもご本人から占真雁に結びつく情報が落ちそうにないです。発言が伸びなければ縄がきつくても吊っておくべきかと。
1日目,神父ジムゾン,人狼,戻りました。垂れ流しますね。吊りミスは2回まで可能です。狼側4の編成ですので、7人になるまでに狼側1削れば良いですね。リーザの村長評には納得しつつ、ニコラス君の▼村長に同意です。彼の意見に加え、前述した「村長が確白になって御弁当にならなかった場合、参加時間的に戦力になるのか？」と言うのがあります。ヤコブ君なのですが、私は「全体ではなく一点だけで偽視した」事で信用落としを狙われた感があり、反
1日目,神父ジムゾン,人狼,射で黒く思ってしまいました。クララに突っ込まれた点ですが、灰考察をした事を評価して頂きたいわけではないのです。現在彼の発言に結論が無く、結局なにが言いたいのか判りません。一番判り難い方として、●ヤコブ君は継続します。第二希望ですが、○パメラを。私はパメラの発言は省略された部分を補完していけばわりと理解できるのですが、そうでない方が多いようですので占った方が良いと思います。
1日目,シスターフリーデル,霊能者,占い票まとめ（あヴぁヴぁー）人羊神修者司青娘農女兵旅少村役占占霊灰灰灰灰灰灰灰灰灰灰●女農×女農×××村年年女書◯娘☆×娘女×××××農娘者
1日目,シスターフリーデル,霊能者,遅くなって申し訳ない。仮決定つ【●少年】【占い発表順は羊→神、占い師は指差し後、確認頼みますわ、回避に関しては一切なしでお願いしますわ。】簡単な理由：リーザちゃんの●は気になりましたが、正直占っても占いが割れた際の真偽をつけるには難しいかなと、時点でちとＳＧさせ臭のするペタクンを挙げることとします。
1日目,青年ヨアヒム,村人,パメちゃん待つのは無理かな。【●農○娘】で御願いします。3人の中から軽く村要素を見出せた女を省いた感じ。でもそんなのほぼぱっそんだし長占とか安直でなんだかなあとか思うのでリザちゃんでも否は言わない。ヤコさんは農>>292はほんと客観的にどう見えるんだろう……。正直このままだと色眼鏡が掛かりそうなので個人的にはすごく占って欲しい。所で誰に入れても僕追従呼ばわりされそうで泣ける(ノ∀｀)＠１本のみ
1日目,農夫ヤコブ,村人,おら、おら…了解と言いつつ、勘違いしてたべ…。すまないだ。仮決定時間に間に合わなかったべ。書いたところまで落とすだ。年ざっと読んできたべ。●妙にあげつつ、>>306で自分を振り返るあたり、占希望にしていいのか迷いがある印象だべ。大分主観入ってるが、まぁ夕方から発言増える子だし、発言内容に疑問もないし見送りたいだ。ややぁ、この時点で娘っ子の発言もないのが気がかりだが…。考慮に入れたかったんだけん
1日目,農夫ヤコブ,村人,ども…。長は▼の方がいいだべか？明日も娘がこの調子だと困るべ。妙はなんとなく不慣れ感を感じる。ので発言できそうなのにない●娘、そして残り○妙で。
1日目,司書クララ,村人,【仮決定確認】ペーターさまですか。意見をきちんと言える方ではありそうですし、現時点で発言が明瞭とは言えませんので、了解致します。うーん、占真雁は悩ましいですね。真らしい要素はカタリナさまの方が多いのですが、神父さまとは感覚を共有出来る部分が結構多いのですよね。判定割れがあれば考察も進めやすいのですが。
1日目,羊飼いカタリナ,占い師,【仮決定確認】も、少々微妙。ペタは考えたことそのまま投げてる雰囲気があり、白ぽいと思います。素狼の可能性はありますが、ペタが素狼なら、一度決めたSGを安易にふらつかせるような、>>306は出てこないと思うのですよねー……。
1日目,少年ペーター,村人,村長さんはまだ明日の様子を見てからでいいと思うよ。寡黙だから狼って決まったわけじゃないし。狼だから寡黙じゃないって事もないけどね。村長さんは上から順番によんで矛盾とかかんじたらそこを書いてくれるといいとおもうよ。だれだれのこの発言に違和感とかこの発言のここに同意とかでもいいとおもうし。意見をあれこれ考えずにずらずら書くといいと思うよ。
1日目,農夫ヤコブ,村人,【仮決定確認だべ】年を候補に下げたところで仮決定だべか…(凹)んだけんども、反対して娘と妙を押す要素も挙げられないし…。ＳＧさせ臭のするペタクン」は、おらも感じるべ。
1日目,旅人ニコラス,人狼,【仮決定了解】娘は発言が増える前提で様子見としたがまだ来ないのか。まあ発言自体はする方に見えるので希望は変えない。>>327票まとめはありがたいが出来れば希望順が分かる方が後日便利だと思う。単純な票数より被せやタイミングが後々のライン読みに使えるからね。@2
1日目,ならず者ディーター,村人,はっはっはー、アイドルは長風呂で肌のハリをキープしなきゃなんないんだぜ。つーことで音信不通からの復活。【仮決定了解】発言増えた分じっくり読んでないが、とりあえず寡黙域から脱出してることかつ放置んぐ以外のメンバーなら了解だ。☆カタリナ>>297★発言の件：それはつまり、「狼なら占COという重要な場面を間違えるはずはない」という考えからか？両狼の件：なるほど、それには納得だわ。
1日目,ならず者ディーター,村人,だから占3COと間違える（思ってしまう）のもあり得るってことか。んー、この考えは上記の質問とリンクするから、返答後また考えるわ。☆ヨアヒム>>308ああ、そうか。俺はその発言を見てすぐにリデルが確霊になったことを知ったから、纏める気満々とは思わなかったが、青>>235時点だとそう捉えるのもアリってことだな。さんきゅ。
1日目,少女リーザ,狩人,うっわ、もうこんな時間！寝過ごした。灰はあんまりこれといったのがなくて考察薄くなるなぁと思ってたら寝てた。急いでまとめてくるよ。●は村長のままでいいよ。○は特にこれといってないからだせたらだすよ＞＜
1日目,神父ジムゾン,人狼,【●ペタ君　発表順が後なのを確認】冷静になると、ヤコブ君の>>241は白いですね。占い真狂濃厚で狼が占い叩く必要はありません。感情比率大きいまま●出してしまい、申し訳なく。でも>>326の理由で継続●ヤコブ君です。灰のまま結論が出ないのが続くと白さを黒さが上回りそうです。リーザを●希望から外したのは、見定めるタイプはスロースターターだと思うので。●ヨアヒムのパッションは霧散したのでしょうか。
1日目,負傷兵シモン,人狼,【仮決定確認した】すまんが第二希望出し間に合わなかったから、残り1時間灰考察という形で穴埋めさせてもらう。まずヤコブだな。>>290「～という姿勢は理解できる。だがしかし～」で他者っつーかオレの発言の意図を本人なりに理解した上で欠点を指摘し、更に自分の意見を言っている。他にも>>292「狼はいくらでも演技できる」という釘刺しをしていたりと、自分の意見は割りとハッキリと伝えるイメージがある。
1日目,負傷兵シモン,人狼,といった感じで人物像がなんとなく見えてきたので今日の所は占いの必要はねえ。★ヤコブ>>293「クララはしっかりしている」と思った部分を挙げてもらえないか？>>241「質問しやすい所を質問した」>>303「～が質問してるから」等割と細かい部分まで読み込んでいるように見えるから、パッションではなくしっかりしていると思うきっかけとなった部分があると思うのだが。
1日目,少女リーザ,狩人,【仮決定了解】真偽割れた際に・・・か。確かに。正直頭の中で白決め打ってる自分がいたんだよね。村長の言動が全く演技に見えなくてさ。で、安易に白決め打ってる自分に警鐘鳴らす意味でも村長●行きたかった。どうせ確白だろうなと。お弁当にどうぞ、と。決定時間確認してなかった。確認してくる。
1日目,少女リーザ,狩人,＞ジムゾン２回くらいコメントしてるから返答。正直書き方悪くて申し訳なかったなぁと思ってるけど●青は冗談です・・・。初日の夜明け直後の●なんてできないもんだから少し冗談言ってみたけど、「パッション」て書いたのがまずかったね。ごめんよ。あれはまったく関係ないですｗしいて言えば一番キャラが濃かったのでｗ
1日目,シスターフリーデル,霊能者,ふむふむ、まあ評判はぼちぼちのようで。【本決定　●ペーター変わらず】はい、リーザさんは黒く見えてきたのは本音ですが、現状これ維持で、、、正直最初は占い師の情報が落ちやすそうなのを狙った方が吉ですしね。ニコラス＞＞順番については考慮しておきます。
1日目,農夫ヤコブ,村人,ん～やっぱり>>306を同じように村側っぽく思う人がいるなら、おらの主観だけでもないなら、【仮決定は微妙】だべ。年より娘か妙の判定が分かったほうが、明日からやりやすい気がするべ。でも強く反対は難しい…。この情報数なので、なんとなくだべ。
1日目,少年ペーター,村人,【仮決定了解】とくに問題ないよ～。大事な判定が確実に出る占いを僕につかわしちゃってごめんなさい。でもね～。ぜんぜん誰が狼だか判らないんだもん～。
1日目,羊飼いカタリナ,占い師,占い先はヨアからペタに変更しておくね。>>337そです。ヨア狼で、占CO、それも狂に占い騙り任せておきながら、占3CO誤認は何だか……。ヨア狼視点で、村騙りの存在は、勘違いするほど容易に受け入れられるものだろうか、って。それから、ヤコの>>330「発言内容に疑問もないし見送りたい」は、ペタの白黒に関係なく、結構白いと思ってたり。
1日目,シスターフリーデル,霊能者,取り合えず、皆さんの意見も把握したので、もちろん黒or寡黙気味なのは明日から吊りで処理していくことになると思います。【自分が少しでも寡黙では？と思った方は留意しておいてくださいね。】
1日目,農夫ヤコブ,村人,
